{"cameraMode":{"drawMode":0,"name":"Shaded","section":"Shading Mode"},"sceneLighting":false,"audioPlay":false,"sceneViewState":{"m_AlwaysRefresh":false,"showFog":true,"showSkybox":false,"showFlares":true,"showImageEffects":true,"showParticleSystems":true,"showVisualEffectGraphs":true,"m_FxEnabled":true},"in2DMode":false,"pivot":{"x":11.388999938964844,"y":1.4010000228881837,"z":0.041999995708465579},"rotation":{"x":0.20258764922618867,"y":-0.0014691054821014405,"z":0.0003039209695998579,"w":0.9792627096176148},"size":1.195190191268921,"orthographic":false}