{"cameraMode":{"drawMode":0,"name":"Shaded","section":"Shading Mode"},"sceneLighting":false,"audioPlay":false,"sceneViewState":{"m_AlwaysRefresh":false,"showFog":true,"showSkybox":false,"showFlares":true,"showImageEffects":true,"showParticleSystems":true,"showVisualEffectGraphs":true,"m_FxEnabled":true},"in2DMode":false,"pivot":{"x":12.993800163269043,"y":3.2899999618530275,"z":-0.039999961853027347},"rotation":{"x":0.34425681829452517,"y":-0.6153223514556885,"z":0.34055861830711367,"w":0.621999204158783},"size":5.708320617675781,"orthographic":false}